,Source,Target
0,Sven Flecha,Isak Baza
1,Sven Flecha,Lucas Alcazar
2,Kanon Herrero,Felix Resumir
3,Kanon Herrero,Hideki Cocinaro
4,Kanon Herrero,Inga Ferro
5,Kanon Herrero,Varja Lagos
6,Kanon Herrero,Kanon Herrero
7,Kanon Herrero,Stenig Fusil
8,Kanon Herrero,Hennie Osvaldo
9,Kanon Herrero,Isia Vann
10,Kanon Herrero,Edvard Vann
11,Kanon Herrero,Loreto Bodrogi
12,Bertrand Ovan,Emile Arpa
13,Bertrand Ovan,Varro Awelon
14,Bertrand Ovan,Dante Coginian
15,Bertrand Ovan,Albina Hafon
16,Bertrand Ovan,Benito Hawelon
17,Bertrand Ovan,Claudio Hawelon
18,Bertrand Ovan,Henk Mies
19,Bertrand Ovan,Valeria Morlun
20,Bertrand Ovan,Adan Morlun
21,Bertrand Ovan,Cecilia Morluniau
22,Bertrand Ovan,Irene Nant
23,Bertrand Ovan,Dylan Scozzese
24,Valeria Morlun,Dante Coginian
25,Valeria Morlun,Albina Hafon
26,Valeria Morlun,Benito Hawelon
27,Valeria Morlun,Henk Mies
28,Mat Bramar,Rachel Pantanal
29,Mat Bramar,Lars Azada
30,Mat Bramar,Felix Balas
31,Mat Bramar,Isande Borrasca
32,Mat Bramar,Axel Calzas
33,Mat Bramar,Gustav Cazar
34,Mat Bramar,Lidelse Dedos
35,Mat Bramar,Birgitta Frente
36,Mat Bramar,Vira Frente
37,Mat Bramar,Adra Nubarron
38,Mat Bramar,Marin Onda
39,Mat Bramar,Kare Orilla
40,Mat Bramar,Elsa Orilla
41,Mat Bramar,Brand Tempestad
42,Mat Bramar,Ingrid Barranco
43,Mat Bramar,Ada Campo-Corrente
44,Mat Bramar,Sten Sanjorge Jr.
45,Mat Bramar,Orhan Strum
46,Mat Bramar,Willem Vasco-Pais
47,Mat Bramar,Bertrand Ovan
48,Mat Bramar,Albina Hafon
49,Mat Bramar,Benito Hawelon
50,Mat Bramar,Claudio Hawelon
51,Mat Bramar,Henk Mies
52,Mat Bramar,Valeria Morlun
53,Mat Bramar,Adan Morlun
54,Mat Bramar,Cecilia Morluniau
55,Mat Bramar,Irene Nant
56,Mat Bramar,Dylan Scozzese
57,Mat Bramar,Lucas Alcazar
58,Mat Bramar,Isak Baza
59,Mat Bramar,Linnea Bergen
60,Mat Bramar,Nils Calixto
61,Mat Bramar,Sven Flecha
62,Mat Bramar,Hideki Cocinaro
63,Mat Bramar,Inga Ferro
64,Mat Bramar,Loreto Bodrogi
65,Mat Bramar,Isia Vann
66,Mat Bramar,Stenig Fusil
67,Mat Bramar,Hennie Osvaldo
68,Mat Bramar,Kanon Herrero
69,Mat Bramar,Varja Lagos
70,Mat Bramar,Minke Mies
71,Mat Bramar,Felix Resumir
72,Mat Bramar,Edvard Vann
73,Mat Bramar,Emile Arpa
74,Mat Bramar,Varro Awelon
75,Mat Bramar,Mat Bramar
76,Mat Bramar,Dante Coginian
77,Mat Bramar,Carla Forluniau
78,Mat Bramar,Linda Lagos
79,Mat Bramar,Cornelia Lais
80,Mat Bramar,Ruscella Mies Haber
81,Mat Bramar,Anda Ribera
82,Orhan Strum,Stenig Fusil
83,Varja Lagos,Varja Lagos
84,Varja Lagos,Hennie Osvaldo
85,Varja Lagos,Loreto Bodrogi
86,Varja Lagos,Inga Ferro
87,Brand Tempestad,Birgitta Frente
88,Brand Tempestad,Lars Azada
89,Brand Tempestad,Felix Balas
90,Isak Baza,Isak Baza
91,Isak Baza,Lucas Alcazar
92,Lucas Alcazar,Isak Baza
93,Lucas Alcazar,Lucas Alcazar
94,Linnea Bergen,Rachel Pantanal
95,Linnea Bergen,Lars Azada
96,Linnea Bergen,Felix Balas
97,Linnea Bergen,Isande Borrasca
98,Linnea Bergen,Axel Calzas
99,Linnea Bergen,Gustav Cazar
100,Linnea Bergen,Lidelse Dedos
101,Linnea Bergen,Birgitta Frente
102,Linnea Bergen,Vira Frente
103,Linnea Bergen,Adra Nubarron
104,Linnea Bergen,Marin Onda
105,Linnea Bergen,Kare Orilla
106,Linnea Bergen,Elsa Orilla
107,Linnea Bergen,Brand Tempestad
108,Linnea Bergen,Ingrid Barranco
109,Linnea Bergen,Ada Campo-Corrente
110,Linnea Bergen,Sten Sanjorge Jr.
111,Linnea Bergen,Orhan Strum
112,Linnea Bergen,Willem Vasco-Pais
113,Linnea Bergen,Bertrand Ovan
114,Linnea Bergen,Albina Hafon
115,Linnea Bergen,Benito Hawelon
116,Linnea Bergen,Claudio Hawelon
117,Linnea Bergen,Henk Mies
118,Linnea Bergen,Valeria Morlun
119,Linnea Bergen,Adan Morlun
120,Linnea Bergen,Cecilia Morluniau
121,Linnea Bergen,Irene Nant
122,Linnea Bergen,Dylan Scozzese
123,Linnea Bergen,Lucas Alcazar
124,Linnea Bergen,Isak Baza
125,Linnea Bergen,Linnea Bergen
126,Linnea Bergen,Nils Calixto
127,Linnea Bergen,Sven Flecha
128,Linnea Bergen,Hideki Cocinaro
129,Linnea Bergen,Inga Ferro
130,Linnea Bergen,Loreto Bodrogi
131,Linnea Bergen,Isia Vann
132,Linnea Bergen,Stenig Fusil
133,Linnea Bergen,Hennie Osvaldo
134,Linnea Bergen,Kanon Herrero
135,Linnea Bergen,Varja Lagos
136,Linnea Bergen,Minke Mies
137,Linnea Bergen,Felix Resumir
138,Linnea Bergen,Edvard Vann
139,Linnea Bergen,Emile Arpa
140,Linnea Bergen,Varro Awelon
141,Linnea Bergen,Mat Bramar
142,Linnea Bergen,Dante Coginian
143,Linnea Bergen,Carla Forluniau
144,Linnea Bergen,Linda Lagos
145,Linnea Bergen,Cornelia Lais
146,Linnea Bergen,Ruscella Mies Haber
147,Linnea Bergen,Anda Ribera
148,Loreto Bodrogi,Ingrid Barranco
149,Lucas Alcazar,Nils Calixto
150,Lucas Alcazar,Sven Flecha
151,Sten Sanjorge Jr.,Orhan Strum
152,Sten Sanjorge Jr.,Willem Vasco-Pais
153,Ingrid Barranco,Loreto Bodrogi
154,Axel Calzas,Felix Balas
155,Axel Calzas,Lars Azada
156,Axel Calzas,Elsa Orilla
157,Axel Calzas,Birgitta Frente
158,Axel Calzas,Kare Orilla
159,Axel Calzas,Isande Borrasca
160,Axel Calzas,Gustav Cazar
161,Axel Calzas,Axel Calzas
162,Axel Calzas,Vira Frente
163,Lars Azada,Birgitta Frente
164,Lars Azada,Lars Azada
165,Lars Azada,Felix Balas
166,Stenig Fusil,Orhan Strum
167,Albina Hafon,Dante Coginian
168,Albina Hafon,Irene Nant
169,Albina Hafon,Dylan Scozzese
170,Albina Hafon,Benito Hawelon
171,Albina Hafon,Valeria Morlun
172,Albina Hafon,Adan Morlun
173,Albina Hafon,Emile Arpa
174,Nils Calixto,Nils Calixto
175,Nils Calixto,Sven Flecha
176,Felix Balas,Birgitta Frente
177,Felix Balas,Lars Azada
178,Felix Balas,Felix Balas
179,Loreto Bodrogi,Varja Lagos
180,Loreto Bodrogi,Hennie Osvaldo
181,Loreto Bodrogi,Loreto Bodrogi
182,Loreto Bodrogi,Inga Ferro
183,Willem Vasco-Pais,Orhan Strum
184,Willem Vasco-Pais,Willem Vasco-Pais
185,Anda Ribera,Valeria Morlun
186,Orhan Strum,Orhan Strum
187,Orhan Strum,Willem Vasco-Pais
188,Benito Hawelon,Adan Morlun
189,Benito Hawelon,Claudio Hawelon
190,Benito Hawelon,Valeria Morlun
191,Benito Hawelon,Varro Awelon
192,Benito Hawelon,Albina Hafon
193,Benito Hawelon,Emile Arpa
194,Benito Hawelon,Irene Nant
195,Benito Hawelon,Benito Hawelon
196,Benito Hawelon,Dante Coginian
197,Felix Resumir,Felix Resumir
198,Felix Resumir,Hideki Cocinaro
199,Felix Resumir,Inga Ferro
200,Felix Resumir,Varja Lagos
201,Felix Resumir,Kanon Herrero
202,Felix Resumir,Stenig Fusil
203,Felix Resumir,Hennie Osvaldo
204,Felix Resumir,Isia Vann
205,Felix Resumir,Edvard Vann
206,Felix Resumir,Loreto Bodrogi
207,Birgitta Frente,Birgitta Frente
208,Birgitta Frente,Lars Azada
209,Birgitta Frente,Felix Balas
210,Carla Forluniau,Mat Bramar
211,Carla Forluniau,Anda Ribera
212,Carla Forluniau,Rachel Pantanal
213,Carla Forluniau,Linda Lagos
214,Carla Forluniau,Ruscella Mies Haber
215,Carla Forluniau,Carla Forluniau
216,Carla Forluniau,Cornelia Lais
217,Anda Ribera,Mat Bramar
218,Anda Ribera,Anda Ribera
219,Anda Ribera,Rachel Pantanal
220,Anda Ribera,Linda Lagos
221,Anda Ribera,Ruscella Mies Haber
222,Anda Ribera,Carla Forluniau
223,Anda Ribera,Cornelia Lais
224,Claudio Hawelon,Irene Nant
225,Claudio Hawelon,Cecilia Morluniau
226,Claudio Hawelon,Dylan Scozzese
227,Hennie Osvaldo,Kanon Herrero
228,Cornelia Lais,Mat Bramar
229,Cornelia Lais,Anda Ribera
230,Cornelia Lais,Rachel Pantanal
231,Cornelia Lais,Linda Lagos
232,Cornelia Lais,Ruscella Mies Haber
233,Cornelia Lais,Carla Forluniau
234,Cornelia Lais,Cornelia Lais
235,Valeria Morlun,Anda Ribera
236,Cecilia Morluniau,Ingrid Barranco
237,Adan Morlun,Claudio Hawelon
238,Adan Morlun,Benito Hawelon
239,Adan Morlun,Henk Mies
240,Adan Morlun,Dylan Scozzese
241,Adan Morlun,Valeria Morlun
242,Adan Morlun,Irene Nant
243,Adan Morlun,Dante Coginian
244,Adan Morlun,Emile Arpa
245,Adan Morlun,Adan Morlun
246,Adan Morlun,Varro Awelon
247,Varro Awelon,Benito Hawelon
248,Varro Awelon,Cecilia Morluniau
249,Varro Awelon,Varro Awelon
250,Varro Awelon,Albina Hafon
251,Varro Awelon,Dante Coginian
252,Varro Awelon,Claudio Hawelon
253,Dante Coginian,Lucas Alcazar
254,Benito Hawelon,Cecilia Morluniau
255,Dante Coginian,Valeria Morlun
256,Dante Coginian,Albina Hafon
257,Dante Coginian,Varro Awelon
258,Dante Coginian,Benito Hawelon
259,Dante Coginian,Dante Coginian
260,Benito Hawelon,Henk Mies
261,Albina Hafon,Albina Hafon
262,Albina Hafon,Henk Mies
263,Vira Frente,Isande Borrasca
264,Vira Frente,Elsa Orilla
265,Vira Frente,Felix Balas
266,Vira Frente,Brand Tempestad
267,Vira Frente,Kare Orilla
268,Vira Frente,Adra Nubarron
269,Vira Frente,Lars Azada
270,Vira Frente,Marin Onda
271,Vira Frente,Gustav Cazar
272,Ruscella Mies Haber,Mat Bramar
273,Ruscella Mies Haber,Anda Ribera
274,Ruscella Mies Haber,Rachel Pantanal
275,Ruscella Mies Haber,Linda Lagos
276,Ruscella Mies Haber,Ruscella Mies Haber
277,Ruscella Mies Haber,Carla Forluniau
278,Ruscella Mies Haber,Cornelia Lais
279,Kanon Herrero,Nils Calixto
280,Sven Flecha,Nils Calixto
281,Sven Flecha,Sven Flecha
282,Claudio Hawelon,Rachel Pantanal
283,Ingrid Barranco,Cecilia Morluniau
284,Ruscella Mies Haber,Lars Azada
285,Ruscella Mies Haber,Felix Balas
286,Ruscella Mies Haber,Isande Borrasca
287,Ruscella Mies Haber,Axel Calzas
288,Ruscella Mies Haber,Gustav Cazar
289,Ruscella Mies Haber,Lidelse Dedos
290,Ruscella Mies Haber,Birgitta Frente
291,Ruscella Mies Haber,Vira Frente
292,Ruscella Mies Haber,Adra Nubarron
293,Ruscella Mies Haber,Marin Onda
294,Ruscella Mies Haber,Kare Orilla
295,Ruscella Mies Haber,Elsa Orilla
296,Ruscella Mies Haber,Brand Tempestad
297,Ruscella Mies Haber,Ingrid Barranco
298,Ruscella Mies Haber,Ada Campo-Corrente
299,Ruscella Mies Haber,Sten Sanjorge Jr.
300,Ruscella Mies Haber,Orhan Strum
301,Ruscella Mies Haber,Willem Vasco-Pais
302,Ruscella Mies Haber,Bertrand Ovan
303,Ruscella Mies Haber,Albina Hafon
304,Ruscella Mies Haber,Benito Hawelon
305,Ruscella Mies Haber,Claudio Hawelon
306,Ruscella Mies Haber,Henk Mies
307,Ruscella Mies Haber,Valeria Morlun
308,Ruscella Mies Haber,Adan Morlun
309,Ruscella Mies Haber,Cecilia Morluniau
310,Ruscella Mies Haber,Irene Nant
311,Ruscella Mies Haber,Dylan Scozzese
312,Ruscella Mies Haber,Lucas Alcazar
313,Ruscella Mies Haber,Isak Baza
314,Ruscella Mies Haber,Linnea Bergen
315,Ruscella Mies Haber,Nils Calixto
316,Ruscella Mies Haber,Sven Flecha
317,Ruscella Mies Haber,Hideki Cocinaro
318,Ruscella Mies Haber,Inga Ferro
319,Ruscella Mies Haber,Loreto Bodrogi
320,Ruscella Mies Haber,Isia Vann
321,Ruscella Mies Haber,Stenig Fusil
322,Ruscella Mies Haber,Hennie Osvaldo
323,Ruscella Mies Haber,Kanon Herrero
324,Ruscella Mies Haber,Varja Lagos
325,Ruscella Mies Haber,Minke Mies
326,Ruscella Mies Haber,Felix Resumir
327,Ruscella Mies Haber,Edvard Vann
328,Ruscella Mies Haber,Emile Arpa
329,Ruscella Mies Haber,Varro Awelon
330,Ruscella Mies Haber,Dante Coginian
331,Lucas Alcazar,Dante Coginian
332,Adra Nubarron,Isande Borrasca
333,Adra Nubarron,Elsa Orilla
334,Adra Nubarron,Felix Balas
335,Adra Nubarron,Brand Tempestad
336,Adra Nubarron,Kare Orilla
337,Adra Nubarron,Adra Nubarron
338,Adra Nubarron,Lars Azada
339,Adra Nubarron,Marin Onda
340,Adra Nubarron,Gustav Cazar
341,Lars Azada,Axel Calzas
342,Adan Morlun,Cecilia Morluniau
343,Nils Calixto,Kanon Herrero
344,Dylan Scozzese,Irene Nant
345,Dylan Scozzese,Cecilia Morluniau
346,Dylan Scozzese,Dylan Scozzese
347,Rachel Pantanal,Claudio Hawelon
348,Irene Nant,Irene Nant
349,Irene Nant,Cecilia Morluniau
350,Irene Nant,Dylan Scozzese
351,Marin Onda,Isande Borrasca
352,Marin Onda,Elsa Orilla
353,Marin Onda,Felix Balas
354,Marin Onda,Brand Tempestad
355,Marin Onda,Kare Orilla
356,Marin Onda,Adra Nubarron
357,Marin Onda,Lars Azada
358,Marin Onda,Marin Onda
359,Marin Onda,Gustav Cazar
360,Cecilia Morluniau,Dylan Scozzese
361,Cecilia Morluniau,Emile Arpa
362,Cecilia Morluniau,Henk Mies
363,Cecilia Morluniau,Adan Morlun
364,Cecilia Morluniau,Valeria Morlun
365,Cecilia Morluniau,Benito Hawelon
366,Cecilia Morluniau,Albina Hafon
367,Cecilia Morluniau,Claudio Hawelon
368,Irene Nant,Bertrand Ovan
369,Irene Nant,Varro Awelon
370,Irene Nant,Dante Coginian
371,Irene Nant,Adan Morlun
372,Irene Nant,Albina Hafon
373,Irene Nant,Claudio Hawelon
374,Irene Nant,Henk Mies
375,Dylan Scozzese,Adan Morlun
376,Dylan Scozzese,Valeria Morlun
377,Dylan Scozzese,Emile Arpa
378,Dylan Scozzese,Varro Awelon
379,Dylan Scozzese,Benito Hawelon
380,Dylan Scozzese,Henk Mies
381,Dylan Scozzese,Bertrand Ovan
382,Dylan Scozzese,Claudio Hawelon
383,Nils Calixto,Lucas Alcazar
384,Nils Calixto,Isak Baza
385,Ada Campo-Corrente,Felix Resumir
386,Lidelse Dedos,Elsa Orilla
387,Isia Vann,Rachel Pantanal
388,Inga Ferro,Willem Vasco-Pais
389,Carla Forluniau,Irene Nant
390,Felix Resumir,Ada Campo-Corrente
391,Lars Azada,Vira Frente
392,Lars Azada,Lidelse Dedos
393,Lars Azada,Elsa Orilla
394,Felix Balas,Carla Forluniau
395,Elsa Orilla,Lidelse Dedos
396,Varro Awelon,Bertrand Ovan
397,Varro Awelon,Adan Morlun
398,Varro Awelon,Irene Nant
399,Varro Awelon,Henk Mies
400,Henk Mies,Irene Nant
401,Henk Mies,Adan Morlun
402,Henk Mies,Valeria Morlun
403,Henk Mies,Emile Arpa
404,Henk Mies,Varro Awelon
405,Henk Mies,Benito Hawelon
406,Henk Mies,Henk Mies
407,Henk Mies,Bertrand Ovan
408,Henk Mies,Claudio Hawelon
409,Lucas Alcazar,Rachel Pantanal
410,Lucas Alcazar,Lars Azada
411,Lucas Alcazar,Felix Balas
412,Lucas Alcazar,Isande Borrasca
413,Lucas Alcazar,Axel Calzas
414,Lucas Alcazar,Gustav Cazar
415,Lucas Alcazar,Lidelse Dedos
416,Lucas Alcazar,Birgitta Frente
417,Lucas Alcazar,Vira Frente
418,Lucas Alcazar,Adra Nubarron
419,Lucas Alcazar,Marin Onda
420,Lucas Alcazar,Kare Orilla
421,Lucas Alcazar,Elsa Orilla
422,Lucas Alcazar,Brand Tempestad
423,Lucas Alcazar,Ingrid Barranco
424,Lucas Alcazar,Ada Campo-Corrente
425,Lucas Alcazar,Sten Sanjorge Jr.
426,Lucas Alcazar,Orhan Strum
427,Lucas Alcazar,Willem Vasco-Pais
428,Lucas Alcazar,Bertrand Ovan
429,Lucas Alcazar,Albina Hafon
430,Lucas Alcazar,Benito Hawelon
431,Lucas Alcazar,Claudio Hawelon
432,Lucas Alcazar,Henk Mies
433,Lucas Alcazar,Valeria Morlun
434,Lucas Alcazar,Adan Morlun
435,Lucas Alcazar,Cecilia Morluniau
436,Lucas Alcazar,Irene Nant
437,Lucas Alcazar,Dylan Scozzese
438,Lucas Alcazar,Linnea Bergen
439,Lucas Alcazar,Hideki Cocinaro
440,Lucas Alcazar,Inga Ferro
441,Lucas Alcazar,Loreto Bodrogi
442,Lucas Alcazar,Isia Vann
443,Lucas Alcazar,Stenig Fusil
444,Lucas Alcazar,Hennie Osvaldo
445,Lucas Alcazar,Kanon Herrero
446,Lucas Alcazar,Varja Lagos
447,Lucas Alcazar,Minke Mies
448,Lucas Alcazar,Felix Resumir
449,Lucas Alcazar,Edvard Vann
450,Lucas Alcazar,Emile Arpa
451,Lucas Alcazar,Varro Awelon
452,Lucas Alcazar,Mat Bramar
453,Lucas Alcazar,Carla Forluniau
454,Lucas Alcazar,Linda Lagos
455,Lucas Alcazar,Cornelia Lais
456,Lucas Alcazar,Ruscella Mies Haber
457,Lucas Alcazar,Anda Ribera
458,Bertrand Ovan,Bertrand Ovan
459,Adan Morlun,Albina Hafon
460,Isak Baza,Sven Flecha
461,Willem Vasco-Pais,Inga Ferro
462,Claudio Hawelon,Adan Morlun
463,Claudio Hawelon,Valeria Morlun
464,Claudio Hawelon,Emile Arpa
465,Claudio Hawelon,Varro Awelon
466,Claudio Hawelon,Benito Hawelon
467,Claudio Hawelon,Henk Mies
468,Claudio Hawelon,Bertrand Ovan
469,Claudio Hawelon,Claudio Hawelon
470,Cecilia Morluniau,Bertrand Ovan
471,Cecilia Morluniau,Varro Awelon
472,Cecilia Morluniau,Dante Coginian
473,Cecilia Morluniau,Cecilia Morluniau
474,Cecilia Morluniau,Irene Nant
475,Gustav Cazar,Rachel Pantanal
476,Gustav Cazar,Lars Azada
477,Gustav Cazar,Felix Balas
478,Gustav Cazar,Isande Borrasca
479,Gustav Cazar,Axel Calzas
480,Gustav Cazar,Gustav Cazar
481,Gustav Cazar,Lidelse Dedos
482,Gustav Cazar,Birgitta Frente
483,Gustav Cazar,Vira Frente
484,Gustav Cazar,Adra Nubarron
485,Gustav Cazar,Marin Onda
486,Gustav Cazar,Kare Orilla
487,Gustav Cazar,Elsa Orilla
488,Gustav Cazar,Brand Tempestad
489,Gustav Cazar,Ingrid Barranco
490,Gustav Cazar,Ada Campo-Corrente
491,Gustav Cazar,Sten Sanjorge Jr.
492,Gustav Cazar,Orhan Strum
493,Gustav Cazar,Willem Vasco-Pais
494,Gustav Cazar,Bertrand Ovan
495,Gustav Cazar,Albina Hafon
496,Gustav Cazar,Benito Hawelon
497,Gustav Cazar,Claudio Hawelon
498,Gustav Cazar,Henk Mies
499,Gustav Cazar,Valeria Morlun
500,Gustav Cazar,Adan Morlun
501,Gustav Cazar,Cecilia Morluniau
502,Gustav Cazar,Irene Nant
503,Gustav Cazar,Dylan Scozzese
504,Gustav Cazar,Lucas Alcazar
505,Gustav Cazar,Isak Baza
506,Gustav Cazar,Linnea Bergen
507,Gustav Cazar,Nils Calixto
508,Gustav Cazar,Sven Flecha
509,Gustav Cazar,Hideki Cocinaro
510,Gustav Cazar,Inga Ferro
511,Gustav Cazar,Loreto Bodrogi
512,Gustav Cazar,Isia Vann
513,Gustav Cazar,Stenig Fusil
514,Gustav Cazar,Hennie Osvaldo
515,Gustav Cazar,Kanon Herrero
516,Gustav Cazar,Varja Lagos
517,Gustav Cazar,Minke Mies
518,Gustav Cazar,Felix Resumir
519,Gustav Cazar,Edvard Vann
520,Gustav Cazar,Emile Arpa
521,Gustav Cazar,Varro Awelon
522,Gustav Cazar,Mat Bramar
523,Gustav Cazar,Dante Coginian
524,Gustav Cazar,Carla Forluniau
525,Gustav Cazar,Linda Lagos
526,Gustav Cazar,Cornelia Lais
527,Gustav Cazar,Ruscella Mies Haber
528,Gustav Cazar,Anda Ribera
529,Orhan Strum,Ingrid Barranco
530,Orhan Strum,Ada Campo-Corrente
531,Carla Forluniau,Felix Balas
532,Hideki Cocinaro,Cornelia Lais
533,Vira Frente,Axel Calzas
534,Vira Frente,Vira Frente
535,Vira Frente,Lidelse Dedos
536,Isande Borrasca,Isande Borrasca
537,Isande Borrasca,Lars Azada
538,Isande Borrasca,Kare Orilla
539,Isande Borrasca,Marin Onda
540,Isande Borrasca,Elsa Orilla
541,Isande Borrasca,Axel Calzas
542,Isande Borrasca,Brand Tempestad
543,Isande Borrasca,Vira Frente
544,Linda Lagos,Mat Bramar
545,Linda Lagos,Anda Ribera
546,Linda Lagos,Rachel Pantanal
547,Linda Lagos,Linda Lagos
548,Linda Lagos,Ruscella Mies Haber
549,Linda Lagos,Carla Forluniau
550,Linda Lagos,Cornelia Lais
551,Varja Lagos,Kanon Herrero
552,Varja Lagos,Stenig Fusil
553,Varja Lagos,Hideki Cocinaro
554,Varja Lagos,Felix Resumir
555,Varja Lagos,Isia Vann
556,Ingrid Barranco,Ingrid Barranco
557,Ingrid Barranco,Ada Campo-Corrente
558,Ingrid Barranco,Orhan Strum
559,Lars Azada,Isande Borrasca
560,Lars Azada,Kare Orilla
561,Lars Azada,Marin Onda
562,Lars Azada,Brand Tempestad
563,Lidelse Dedos,Birgitta Frente
564,Lidelse Dedos,Isande Borrasca
565,Lidelse Dedos,Lars Azada
566,Lidelse Dedos,Marin Onda
567,Lidelse Dedos,Kare Orilla
568,Lidelse Dedos,Gustav Cazar
569,Lidelse Dedos,Axel Calzas
570,Lidelse Dedos,Felix Balas
571,Lidelse Dedos,Vira Frente
572,Birgitta Frente,Elsa Orilla
573,Birgitta Frente,Vira Frente
574,Birgitta Frente,Kare Orilla
575,Birgitta Frente,Isande Borrasca
576,Birgitta Frente,Gustav Cazar
577,Birgitta Frente,Brand Tempestad
578,Birgitta Frente,Marin Onda
579,Birgitta Frente,Axel Calzas
580,Adra Nubarron,Cecilia Morluniau
581,Brand Tempestad,Isande Borrasca
582,Brand Tempestad,Kare Orilla
583,Brand Tempestad,Marin Onda
584,Brand Tempestad,Elsa Orilla
585,Brand Tempestad,Axel Calzas
586,Brand Tempestad,Brand Tempestad
587,Brand Tempestad,Vira Frente
588,Lidelse Dedos,Lidelse Dedos
589,Rachel Pantanal,Mat Bramar
590,Rachel Pantanal,Anda Ribera
591,Rachel Pantanal,Rachel Pantanal
592,Rachel Pantanal,Linda Lagos
593,Rachel Pantanal,Ruscella Mies Haber
594,Rachel Pantanal,Carla Forluniau
595,Rachel Pantanal,Cornelia Lais
596,Cornelia Lais,Hideki Cocinaro
597,Anda Ribera,Gustav Cazar
598,Dante Coginian,Mat Bramar
599,Isande Borrasca,Birgitta Frente
600,Isande Borrasca,Gustav Cazar
601,Isande Borrasca,Felix Balas
602,Edvard Vann,Elsa Orilla
603,Henk Mies,Albina Hafon
604,Henk Mies,Dylan Scozzese
605,Isak Baza,Nils Calixto
606,Vira Frente,Birgitta Frente
607,Hideki Cocinaro,Kanon Herrero
608,Hideki Cocinaro,Stenig Fusil
609,Hideki Cocinaro,Inga Ferro
610,Hideki Cocinaro,Hideki Cocinaro
611,Hideki Cocinaro,Hennie Osvaldo
612,Hideki Cocinaro,Felix Resumir
613,Hideki Cocinaro,Isia Vann
614,Stenig Fusil,Kanon Herrero
615,Stenig Fusil,Stenig Fusil
616,Stenig Fusil,Inga Ferro
617,Stenig Fusil,Hideki Cocinaro
618,Stenig Fusil,Hennie Osvaldo
619,Stenig Fusil,Felix Resumir
620,Stenig Fusil,Isia Vann
621,Hennie Osvaldo,Stenig Fusil
622,Hennie Osvaldo,Inga Ferro
623,Hennie Osvaldo,Hideki Cocinaro
624,Hennie Osvaldo,Hennie Osvaldo
625,Hennie Osvaldo,Felix Resumir
626,Hennie Osvaldo,Isia Vann
627,Kare Orilla,Isande Borrasca
628,Kare Orilla,Lars Azada
629,Kare Orilla,Kare Orilla
630,Kare Orilla,Marin Onda
631,Kare Orilla,Elsa Orilla
632,Kare Orilla,Axel Calzas
633,Kare Orilla,Brand Tempestad
634,Kare Orilla,Vira Frente
635,Ingrid Barranco,Rachel Pantanal
636,Ingrid Barranco,Lars Azada
637,Ingrid Barranco,Felix Balas
638,Ingrid Barranco,Isande Borrasca
639,Ingrid Barranco,Axel Calzas
640,Ingrid Barranco,Gustav Cazar
641,Ingrid Barranco,Lidelse Dedos
642,Ingrid Barranco,Birgitta Frente
643,Ingrid Barranco,Vira Frente
644,Ingrid Barranco,Adra Nubarron
645,Ingrid Barranco,Marin Onda
646,Ingrid Barranco,Kare Orilla
647,Ingrid Barranco,Elsa Orilla
648,Ingrid Barranco,Brand Tempestad
649,Ingrid Barranco,Sten Sanjorge Jr.
650,Ingrid Barranco,Willem Vasco-Pais
651,Ingrid Barranco,Bertrand Ovan
652,Ingrid Barranco,Albina Hafon
653,Ingrid Barranco,Benito Hawelon
654,Ingrid Barranco,Claudio Hawelon
655,Ingrid Barranco,Henk Mies
656,Ingrid Barranco,Valeria Morlun
657,Ingrid Barranco,Adan Morlun
658,Ingrid Barranco,Irene Nant
659,Ingrid Barranco,Dylan Scozzese
660,Ingrid Barranco,Lucas Alcazar
661,Ingrid Barranco,Isak Baza
662,Ingrid Barranco,Linnea Bergen
663,Ingrid Barranco,Nils Calixto
664,Ingrid Barranco,Sven Flecha
665,Ingrid Barranco,Hideki Cocinaro
666,Ingrid Barranco,Inga Ferro
667,Ingrid Barranco,Isia Vann
668,Ingrid Barranco,Stenig Fusil
669,Ingrid Barranco,Hennie Osvaldo
670,Ingrid Barranco,Kanon Herrero
671,Ingrid Barranco,Varja Lagos
672,Ingrid Barranco,Minke Mies
673,Ingrid Barranco,Felix Resumir
674,Ingrid Barranco,Edvard Vann
675,Ingrid Barranco,Emile Arpa
676,Ingrid Barranco,Varro Awelon
677,Ingrid Barranco,Mat Bramar
678,Ingrid Barranco,Dante Coginian
679,Ingrid Barranco,Carla Forluniau
680,Ingrid Barranco,Linda Lagos
681,Ingrid Barranco,Cornelia Lais
682,Ingrid Barranco,Ruscella Mies Haber
683,Ingrid Barranco,Anda Ribera
684,Edvard Vann,Rachel Pantanal
685,Edvard Vann,Lars Azada
686,Edvard Vann,Felix Balas
687,Edvard Vann,Isande Borrasca
688,Edvard Vann,Axel Calzas
689,Edvard Vann,Gustav Cazar
690,Edvard Vann,Lidelse Dedos
691,Edvard Vann,Birgitta Frente
692,Edvard Vann,Vira Frente
693,Edvard Vann,Adra Nubarron
694,Edvard Vann,Marin Onda
695,Edvard Vann,Kare Orilla
696,Edvard Vann,Brand Tempestad
697,Edvard Vann,Ingrid Barranco
698,Edvard Vann,Ada Campo-Corrente
699,Edvard Vann,Sten Sanjorge Jr.
700,Edvard Vann,Orhan Strum
701,Edvard Vann,Willem Vasco-Pais
702,Edvard Vann,Bertrand Ovan
703,Edvard Vann,Albina Hafon
704,Edvard Vann,Benito Hawelon
705,Edvard Vann,Claudio Hawelon
706,Edvard Vann,Henk Mies
707,Edvard Vann,Valeria Morlun
708,Edvard Vann,Adan Morlun
709,Edvard Vann,Cecilia Morluniau
710,Edvard Vann,Irene Nant
711,Edvard Vann,Dylan Scozzese
712,Edvard Vann,Lucas Alcazar
713,Edvard Vann,Isak Baza
714,Edvard Vann,Linnea Bergen
715,Edvard Vann,Nils Calixto
716,Edvard Vann,Sven Flecha
717,Edvard Vann,Hideki Cocinaro
718,Edvard Vann,Inga Ferro
719,Edvard Vann,Loreto Bodrogi
720,Edvard Vann,Isia Vann
721,Edvard Vann,Stenig Fusil
722,Edvard Vann,Hennie Osvaldo
723,Edvard Vann,Kanon Herrero
724,Edvard Vann,Varja Lagos
725,Edvard Vann,Minke Mies
726,Edvard Vann,Felix Resumir
727,Edvard Vann,Edvard Vann
728,Edvard Vann,Emile Arpa
729,Edvard Vann,Varro Awelon
730,Edvard Vann,Mat Bramar
731,Edvard Vann,Dante Coginian
732,Edvard Vann,Carla Forluniau
733,Edvard Vann,Linda Lagos
734,Edvard Vann,Cornelia Lais
735,Edvard Vann,Ruscella Mies Haber
736,Edvard Vann,Anda Ribera
737,Elsa Orilla,Rachel Pantanal
738,Elsa Orilla,Lars Azada
739,Elsa Orilla,Felix Balas
740,Elsa Orilla,Isande Borrasca
741,Elsa Orilla,Axel Calzas
742,Elsa Orilla,Gustav Cazar
743,Elsa Orilla,Birgitta Frente
744,Elsa Orilla,Vira Frente
745,Elsa Orilla,Adra Nubarron
746,Elsa Orilla,Marin Onda
747,Elsa Orilla,Kare Orilla
748,Elsa Orilla,Elsa Orilla
749,Elsa Orilla,Brand Tempestad
750,Elsa Orilla,Ingrid Barranco
751,Elsa Orilla,Ada Campo-Corrente
752,Elsa Orilla,Sten Sanjorge Jr.
753,Elsa Orilla,Orhan Strum
754,Elsa Orilla,Willem Vasco-Pais
755,Elsa Orilla,Bertrand Ovan
756,Elsa Orilla,Albina Hafon
757,Elsa Orilla,Benito Hawelon
758,Elsa Orilla,Claudio Hawelon
759,Elsa Orilla,Henk Mies
760,Elsa Orilla,Valeria Morlun
761,Elsa Orilla,Adan Morlun
762,Elsa Orilla,Cecilia Morluniau
763,Elsa Orilla,Irene Nant
764,Elsa Orilla,Dylan Scozzese
765,Elsa Orilla,Lucas Alcazar
766,Elsa Orilla,Isak Baza
767,Elsa Orilla,Linnea Bergen
768,Elsa Orilla,Nils Calixto
769,Elsa Orilla,Sven Flecha
770,Elsa Orilla,Hideki Cocinaro
771,Elsa Orilla,Inga Ferro
772,Elsa Orilla,Loreto Bodrogi
773,Elsa Orilla,Isia Vann
774,Elsa Orilla,Stenig Fusil
775,Elsa Orilla,Hennie Osvaldo
776,Elsa Orilla,Kanon Herrero
777,Elsa Orilla,Varja Lagos
778,Elsa Orilla,Minke Mies
779,Elsa Orilla,Felix Resumir
780,Elsa Orilla,Edvard Vann
781,Elsa Orilla,Emile Arpa
782,Elsa Orilla,Varro Awelon
783,Elsa Orilla,Mat Bramar
784,Elsa Orilla,Dante Coginian
785,Elsa Orilla,Carla Forluniau
786,Elsa Orilla,Linda Lagos
787,Elsa Orilla,Cornelia Lais
788,Elsa Orilla,Ruscella Mies Haber
789,Elsa Orilla,Anda Ribera
790,Ada Campo-Corrente,Rachel Pantanal
791,Ada Campo-Corrente,Lars Azada
792,Ada Campo-Corrente,Felix Balas
793,Ada Campo-Corrente,Isande Borrasca
794,Ada Campo-Corrente,Axel Calzas
795,Ada Campo-Corrente,Gustav Cazar
796,Ada Campo-Corrente,Lidelse Dedos
797,Ada Campo-Corrente,Birgitta Frente
798,Ada Campo-Corrente,Vira Frente
799,Ada Campo-Corrente,Adra Nubarron
800,Ada Campo-Corrente,Marin Onda
801,Ada Campo-Corrente,Kare Orilla
802,Ada Campo-Corrente,Elsa Orilla
803,Ada Campo-Corrente,Brand Tempestad
804,Ada Campo-Corrente,Ingrid Barranco
805,Ada Campo-Corrente,Ada Campo-Corrente
806,Ada Campo-Corrente,Sten Sanjorge Jr.
807,Ada Campo-Corrente,Orhan Strum
808,Ada Campo-Corrente,Willem Vasco-Pais
809,Ada Campo-Corrente,Bertrand Ovan
810,Ada Campo-Corrente,Albina Hafon
811,Ada Campo-Corrente,Benito Hawelon
812,Ada Campo-Corrente,Claudio Hawelon
813,Ada Campo-Corrente,Henk Mies
814,Ada Campo-Corrente,Valeria Morlun
815,Ada Campo-Corrente,Adan Morlun
816,Ada Campo-Corrente,Cecilia Morluniau
817,Ada Campo-Corrente,Irene Nant
818,Ada Campo-Corrente,Dylan Scozzese
819,Ada Campo-Corrente,Lucas Alcazar
820,Ada Campo-Corrente,Isak Baza
821,Ada Campo-Corrente,Linnea Bergen
822,Ada Campo-Corrente,Nils Calixto
823,Ada Campo-Corrente,Sven Flecha
824,Ada Campo-Corrente,Hideki Cocinaro
825,Ada Campo-Corrente,Inga Ferro
826,Ada Campo-Corrente,Loreto Bodrogi
827,Ada Campo-Corrente,Isia Vann
828,Ada Campo-Corrente,Stenig Fusil
829,Ada Campo-Corrente,Hennie Osvaldo
830,Ada Campo-Corrente,Kanon Herrero
831,Ada Campo-Corrente,Varja Lagos
832,Ada Campo-Corrente,Minke Mies
833,Ada Campo-Corrente,Edvard Vann
834,Ada Campo-Corrente,Emile Arpa
835,Ada Campo-Corrente,Varro Awelon
836,Ada Campo-Corrente,Mat Bramar
837,Ada Campo-Corrente,Dante Coginian
838,Ada Campo-Corrente,Carla Forluniau
839,Ada Campo-Corrente,Linda Lagos
840,Ada Campo-Corrente,Cornelia Lais
841,Ada Campo-Corrente,Ruscella Mies Haber
842,Ada Campo-Corrente,Anda Ribera
843,Dylan Scozzese,Dante Coginian
844,Henk Mies,Cecilia Morluniau
845,Henk Mies,Dante Coginian
846,Valeria Morlun,Claudio Hawelon
847,Valeria Morlun,Varro Awelon
848,Valeria Morlun,Valeria Morlun
849,Valeria Morlun,Dylan Scozzese
850,Orhan Strum,
851,Kanon Herrero,Irene Nant
852,Sten Sanjorge Jr.,
853,Sten Sanjorge Jr.,Ada Campo-Corrente
854,Felix Balas,Isande Borrasca
855,Felix Balas,Lidelse Dedos
856,Benito Hawelon,Elsa Orilla
857,Ada Campo-Corrente,
858,Sten Sanjorge Jr.,Ingrid Barranco
859,Stenig Fusil,Varja Lagos
860,Adan Morlun,Bertrand Ovan
861,Albina Hafon,Bertrand Ovan
862,Albina Hafon,Varro Awelon
863,Albina Hafon,Cecilia Morluniau
864,Loreto Bodrogi,Minke Mies
865,Loreto Bodrogi,Stenig Fusil
866,Loreto Bodrogi,Felix Resumir
867,Loreto Bodrogi,Kanon Herrero
868,Felix Resumir,Rachel Pantanal
869,Felix Resumir,Lars Azada
870,Felix Resumir,Felix Balas
871,Felix Resumir,Isande Borrasca
872,Felix Resumir,Axel Calzas
873,Felix Resumir,Gustav Cazar
874,Felix Resumir,Lidelse Dedos
875,Felix Resumir,Birgitta Frente
876,Felix Resumir,Vira Frente
877,Felix Resumir,Adra Nubarron
878,Felix Resumir,Marin Onda
879,Felix Resumir,Kare Orilla
880,Felix Resumir,Elsa Orilla
881,Felix Resumir,Brand Tempestad
882,Felix Resumir,Ingrid Barranco
883,Felix Resumir,Sten Sanjorge Jr.
884,Felix Resumir,Orhan Strum
885,Felix Resumir,Willem Vasco-Pais
886,Felix Resumir,Bertrand Ovan
887,Felix Resumir,Albina Hafon
888,Felix Resumir,Benito Hawelon
889,Felix Resumir,Claudio Hawelon
890,Felix Resumir,Henk Mies
891,Felix Resumir,Valeria Morlun
892,Felix Resumir,Adan Morlun
893,Felix Resumir,Cecilia Morluniau
894,Felix Resumir,Irene Nant
895,Felix Resumir,Dylan Scozzese
896,Felix Resumir,Lucas Alcazar
897,Felix Resumir,Isak Baza
898,Felix Resumir,Linnea Bergen
899,Felix Resumir,Nils Calixto
900,Felix Resumir,Sven Flecha
901,Felix Resumir,Minke Mies
902,Felix Resumir,Emile Arpa
903,Felix Resumir,Varro Awelon
904,Felix Resumir,Mat Bramar
905,Felix Resumir,Dante Coginian
906,Felix Resumir,Carla Forluniau
907,Felix Resumir,Linda Lagos
908,Felix Resumir,Cornelia Lais
909,Felix Resumir,Ruscella Mies Haber
910,Felix Resumir,Anda Ribera
911,Felix Balas,Adra Nubarron
912,Felix Balas,Axel Calzas
913,Stenig Fusil,Minke Mies
914,Stenig Fusil,Loreto Bodrogi
915,Hennie Osvaldo,Rachel Pantanal
916,Hennie Osvaldo,Lars Azada
917,Hennie Osvaldo,Felix Balas
918,Hennie Osvaldo,Isande Borrasca
919,Hennie Osvaldo,Axel Calzas
920,Hennie Osvaldo,Gustav Cazar
921,Hennie Osvaldo,Lidelse Dedos
922,Hennie Osvaldo,Birgitta Frente
923,Hennie Osvaldo,Vira Frente
924,Hennie Osvaldo,Adra Nubarron
925,Hennie Osvaldo,Marin Onda
926,Hennie Osvaldo,Kare Orilla
927,Hennie Osvaldo,Elsa Orilla
928,Hennie Osvaldo,Brand Tempestad
929,Hennie Osvaldo,Ingrid Barranco
930,Hennie Osvaldo,Ada Campo-Corrente
931,Hennie Osvaldo,Sten Sanjorge Jr.
932,Hennie Osvaldo,Orhan Strum
933,Hennie Osvaldo,Willem Vasco-Pais
934,Hennie Osvaldo,Bertrand Ovan
935,Hennie Osvaldo,Albina Hafon
936,Hennie Osvaldo,Benito Hawelon
937,Hennie Osvaldo,Claudio Hawelon
938,Hennie Osvaldo,Henk Mies
939,Hennie Osvaldo,Valeria Morlun
940,Hennie Osvaldo,Adan Morlun
941,Hennie Osvaldo,Cecilia Morluniau
942,Hennie Osvaldo,Irene Nant
943,Hennie Osvaldo,Dylan Scozzese
944,Hennie Osvaldo,Lucas Alcazar
945,Hennie Osvaldo,Isak Baza
946,Hennie Osvaldo,Linnea Bergen
947,Hennie Osvaldo,Nils Calixto
948,Hennie Osvaldo,Sven Flecha
949,Hennie Osvaldo,Loreto Bodrogi
950,Hennie Osvaldo,Varja Lagos
951,Hennie Osvaldo,Minke Mies
952,Hennie Osvaldo,Edvard Vann
953,Hennie Osvaldo,Emile Arpa
954,Hennie Osvaldo,Varro Awelon
955,Hennie Osvaldo,Mat Bramar
956,Hennie Osvaldo,Dante Coginian
957,Hennie Osvaldo,Carla Forluniau
958,Hennie Osvaldo,Linda Lagos
959,Hennie Osvaldo,Cornelia Lais
960,Hennie Osvaldo,Ruscella Mies Haber
961,Hennie Osvaldo,Anda Ribera
962,Benito Hawelon,Dylan Scozzese
963,Dante Coginian,Irene Nant
964,Dante Coginian,Adan Morlun
965,Dante Coginian,Emile Arpa
966,Dante Coginian,Claudio Hawelon
967,Dante Coginian,Henk Mies
968,Isande Borrasca,Rachel Pantanal
969,Isande Borrasca,Lidelse Dedos
970,Isande Borrasca,Adra Nubarron
971,Isande Borrasca,Ingrid Barranco
972,Isande Borrasca,Ada Campo-Corrente
973,Isande Borrasca,Sten Sanjorge Jr.
974,Isande Borrasca,Orhan Strum
975,Isande Borrasca,Willem Vasco-Pais
976,Isande Borrasca,Bertrand Ovan
977,Isande Borrasca,Albina Hafon
978,Isande Borrasca,Benito Hawelon
979,Isande Borrasca,Claudio Hawelon
980,Isande Borrasca,Henk Mies
981,Isande Borrasca,Valeria Morlun
982,Isande Borrasca,Adan Morlun
983,Isande Borrasca,Cecilia Morluniau
984,Isande Borrasca,Irene Nant
985,Isande Borrasca,Dylan Scozzese
986,Isande Borrasca,Lucas Alcazar
987,Isande Borrasca,Isak Baza
988,Isande Borrasca,Linnea Bergen
989,Isande Borrasca,Nils Calixto
990,Isande Borrasca,Sven Flecha
991,Isande Borrasca,Hideki Cocinaro
992,Isande Borrasca,Inga Ferro
993,Isande Borrasca,Loreto Bodrogi
994,Isande Borrasca,Isia Vann
995,Isande Borrasca,Stenig Fusil
996,Isande Borrasca,Hennie Osvaldo
997,Isande Borrasca,Kanon Herrero
998,Isande Borrasca,Varja Lagos
999,Isande Borrasca,Minke Mies
1000,Isande Borrasca,Felix Resumir
1001,Isande Borrasca,Edvard Vann
1002,Isande Borrasca,Emile Arpa
1003,Isande Borrasca,Varro Awelon
1004,Isande Borrasca,Mat Bramar
1005,Isande Borrasca,Dante Coginian
1006,Isande Borrasca,Carla Forluniau
1007,Isande Borrasca,Linda Lagos
1008,Isande Borrasca,Cornelia Lais
1009,Isande Borrasca,Ruscella Mies Haber
1010,Isande Borrasca,Anda Ribera
1011,Lars Azada,Adra Nubarron
1012,Dylan Scozzese,Albina Hafon
1013,Varro Awelon,Dylan Scozzese
1014,Adra Nubarron,Axel Calzas
1015,Adra Nubarron,Lidelse Dedos
1016,Lidelse Dedos,Adra Nubarron
1017,Claudio Hawelon,Albina Hafon
1018,Ingrid Barranco,
1019,Felix Balas,Varja Lagos
1020,Hideki Cocinaro,Dante Coginian
1021,Willem Vasco-Pais,
1022,Willem Vasco-Pais,Ada Campo-Corrente
1023,Isia Vann,Claudio Hawelon
1024,Dante Coginian,Hideki Cocinaro
1025,Rachel Pantanal,Hennie Osvaldo
1026,Stenig Fusil,Edvard Vann
1027,Claudio Hawelon,Isia Vann
1028,Axel Calzas,Adra Nubarron
1029,Axel Calzas,Marin Onda
1030,Axel Calzas,Lidelse Dedos
1031,Axel Calzas,Brand Tempestad
1032,Kare Orilla,Gustav Cazar
1033,Kare Orilla,Felix Balas
1034,Irene Nant,Benito Hawelon
1035,Irene Nant,Emile Arpa
1036,Irene Nant,Valeria Morlun
1037,Emile Arpa,Dante Coginian
1038,Emile Arpa,Emile Arpa
1039,Emile Arpa,Cecilia Morluniau
1040,Emile Arpa,Benito Hawelon
1041,Emile Arpa,Adan Morlun
1042,Emile Arpa,Irene Nant
1043,Emile Arpa,Varro Awelon
1044,Emile Arpa,Claudio Hawelon
1045,Emile Arpa,Dylan Scozzese
1046,Isak Baza,Rachel Pantanal
1047,Isak Baza,Lars Azada
1048,Isak Baza,Felix Balas
1049,Isak Baza,Isande Borrasca
1050,Isak Baza,Axel Calzas
1051,Isak Baza,Gustav Cazar
1052,Isak Baza,Lidelse Dedos
1053,Isak Baza,Birgitta Frente
1054,Isak Baza,Vira Frente
1055,Isak Baza,Adra Nubarron
1056,Isak Baza,Marin Onda
1057,Isak Baza,Kare Orilla
1058,Isak Baza,Elsa Orilla
1059,Isak Baza,Brand Tempestad
1060,Isak Baza,Ingrid Barranco
1061,Isak Baza,Ada Campo-Corrente
1062,Isak Baza,Sten Sanjorge Jr.
1063,Isak Baza,Orhan Strum
1064,Isak Baza,Willem Vasco-Pais
1065,Isak Baza,Bertrand Ovan
1066,Isak Baza,Albina Hafon
1067,Isak Baza,Benito Hawelon
1068,Isak Baza,Claudio Hawelon
1069,Isak Baza,Henk Mies
1070,Isak Baza,Valeria Morlun
1071,Isak Baza,Adan Morlun
1072,Isak Baza,Cecilia Morluniau
1073,Isak Baza,Irene Nant
1074,Isak Baza,Dylan Scozzese
1075,Isak Baza,Linnea Bergen
1076,Isak Baza,Hideki Cocinaro
1077,Isak Baza,Inga Ferro
1078,Isak Baza,Loreto Bodrogi
1079,Isak Baza,Isia Vann
1080,Isak Baza,Stenig Fusil
1081,Isak Baza,Hennie Osvaldo
1082,Isak Baza,Kanon Herrero
1083,Isak Baza,Varja Lagos
1084,Isak Baza,Minke Mies
1085,Isak Baza,Felix Resumir
1086,Isak Baza,Edvard Vann
1087,Isak Baza,Emile Arpa
1088,Isak Baza,Varro Awelon
1089,Isak Baza,Mat Bramar
1090,Isak Baza,Dante Coginian
1091,Isak Baza,Carla Forluniau
1092,Isak Baza,Linda Lagos
1093,Isak Baza,Cornelia Lais
1094,Isak Baza,Ruscella Mies Haber
1095,Isak Baza,Anda Ribera
1096,Kare Orilla,Adra Nubarron
1097,Kare Orilla,Lidelse Dedos
1098,Lidelse Dedos,Brand Tempestad
1099,Claudio Hawelon,Dante Coginian
1100,Lars Azada,Rachel Pantanal
1101,Lars Azada,Gustav Cazar
1102,Lars Azada,Ingrid Barranco
1103,Lars Azada,Ada Campo-Corrente
1104,Lars Azada,Sten Sanjorge Jr.
1105,Lars Azada,Orhan Strum
1106,Lars Azada,Willem Vasco-Pais
1107,Lars Azada,Bertrand Ovan
1108,Lars Azada,Albina Hafon
1109,Lars Azada,Benito Hawelon
1110,Lars Azada,Claudio Hawelon
1111,Lars Azada,Henk Mies
1112,Lars Azada,Valeria Morlun
1113,Lars Azada,Adan Morlun
1114,Lars Azada,Cecilia Morluniau
1115,Lars Azada,Irene Nant
1116,Lars Azada,Dylan Scozzese
1117,Lars Azada,Lucas Alcazar
1118,Lars Azada,Isak Baza
1119,Lars Azada,Linnea Bergen
1120,Lars Azada,Nils Calixto
1121,Lars Azada,Sven Flecha
1122,Lars Azada,Hideki Cocinaro
1123,Lars Azada,Inga Ferro
1124,Lars Azada,Loreto Bodrogi
1125,Lars Azada,Isia Vann
1126,Lars Azada,Stenig Fusil
1127,Lars Azada,Hennie Osvaldo
1128,Lars Azada,Kanon Herrero
1129,Lars Azada,Varja Lagos
1130,Lars Azada,Minke Mies
1131,Lars Azada,Felix Resumir
1132,Lars Azada,Edvard Vann
1133,Lars Azada,Emile Arpa
1134,Lars Azada,Varro Awelon
1135,Lars Azada,Mat Bramar
1136,Lars Azada,Dante Coginian
1137,Lars Azada,Carla Forluniau
1138,Lars Azada,Linda Lagos
1139,Lars Azada,Cornelia Lais
1140,Lars Azada,Ruscella Mies Haber
1141,Lars Azada,Anda Ribera
1142,Isia Vann,Loreto Bodrogi
1143,Isia Vann,Isia Vann
1144,Isia Vann,Edvard Vann
1145,Isia Vann,Hideki Cocinaro
1146,Dante Coginian,Felix Resumir
1147,Kanon Herrero,Rachel Pantanal
1148,Kanon Herrero,Lars Azada
1149,Kanon Herrero,Felix Balas
1150,Kanon Herrero,Isande Borrasca
1151,Kanon Herrero,Axel Calzas
1152,Kanon Herrero,Gustav Cazar
1153,Kanon Herrero,Lidelse Dedos
1154,Kanon Herrero,Birgitta Frente
1155,Kanon Herrero,Vira Frente
1156,Kanon Herrero,Adra Nubarron
1157,Kanon Herrero,Marin Onda
1158,Kanon Herrero,Kare Orilla
1159,Kanon Herrero,Elsa Orilla
1160,Kanon Herrero,Brand Tempestad
1161,Kanon Herrero,Ingrid Barranco
1162,Kanon Herrero,Ada Campo-Corrente
1163,Kanon Herrero,Sten Sanjorge Jr.
1164,Kanon Herrero,Orhan Strum
1165,Kanon Herrero,Willem Vasco-Pais
1166,Kanon Herrero,Bertrand Ovan
1167,Kanon Herrero,Albina Hafon
1168,Kanon Herrero,Benito Hawelon
1169,Kanon Herrero,Claudio Hawelon
1170,Kanon Herrero,Henk Mies
1171,Kanon Herrero,Valeria Morlun
1172,Kanon Herrero,Adan Morlun
1173,Kanon Herrero,Cecilia Morluniau
1174,Kanon Herrero,Dylan Scozzese
1175,Kanon Herrero,Lucas Alcazar
1176,Kanon Herrero,Isak Baza
1177,Kanon Herrero,Linnea Bergen
1178,Kanon Herrero,Sven Flecha
1179,Kanon Herrero,Minke Mies
1180,Kanon Herrero,Emile Arpa
1181,Kanon Herrero,Varro Awelon
1182,Kanon Herrero,Mat Bramar
1183,Kanon Herrero,Dante Coginian
1184,Kanon Herrero,Carla Forluniau
1185,Kanon Herrero,Linda Lagos
1186,Kanon Herrero,Cornelia Lais
1187,Kanon Herrero,Ruscella Mies Haber
1188,Kanon Herrero,Anda Ribera
1189,Axel Calzas,Rachel Pantanal
1190,Axel Calzas,Ingrid Barranco
1191,Axel Calzas,Ada Campo-Corrente
1192,Axel Calzas,Sten Sanjorge Jr.
1193,Axel Calzas,Orhan Strum
1194,Axel Calzas,Willem Vasco-Pais
1195,Axel Calzas,Bertrand Ovan
1196,Axel Calzas,Albina Hafon
1197,Axel Calzas,Benito Hawelon
1198,Axel Calzas,Claudio Hawelon
1199,Axel Calzas,Henk Mies
1200,Axel Calzas,Valeria Morlun
1201,Axel Calzas,Adan Morlun
1202,Axel Calzas,Cecilia Morluniau
1203,Axel Calzas,Irene Nant
1204,Axel Calzas,Dylan Scozzese
1205,Axel Calzas,Lucas Alcazar
1206,Axel Calzas,Isak Baza
1207,Axel Calzas,Linnea Bergen
1208,Axel Calzas,Nils Calixto
1209,Axel Calzas,Sven Flecha
1210,Axel Calzas,Hideki Cocinaro
1211,Axel Calzas,Inga Ferro
1212,Axel Calzas,Loreto Bodrogi
1213,Axel Calzas,Isia Vann
1214,Axel Calzas,Stenig Fusil
1215,Axel Calzas,Hennie Osvaldo
1216,Axel Calzas,Kanon Herrero
1217,Axel Calzas,Varja Lagos
1218,Axel Calzas,Minke Mies
1219,Axel Calzas,Felix Resumir
1220,Axel Calzas,Edvard Vann
1221,Axel Calzas,Emile Arpa
1222,Axel Calzas,Varro Awelon
1223,Axel Calzas,Mat Bramar
1224,Axel Calzas,Dante Coginian
1225,Axel Calzas,Carla Forluniau
1226,Axel Calzas,Linda Lagos
1227,Axel Calzas,Cornelia Lais
1228,Axel Calzas,Ruscella Mies Haber
1229,Axel Calzas,Anda Ribera
1230,Emile Arpa,Albina Hafon
1231,Emile Arpa,Valeria Morlun
1232,Emile Arpa,Henk Mies
1233,Felix Balas,Gustav Cazar
1234,Felix Balas,Brand Tempestad
1235,Marin Onda,Vira Frente
1236,Marin Onda,Birgitta Frente
1237,Marin Onda,Axel Calzas
1238,Marin Onda,Lidelse Dedos
1239,Kare Orilla,Benito Hawelon
1240,Nils Calixto,Minke Mies
1241,Emile Arpa,Lucas Alcazar
1242,Willem Vasco-Pais,Varja Lagos
1243,Brand Tempestad,Adra Nubarron
1244,Brand Tempestad,Lidelse Dedos
1245,Brand Tempestad,Gustav Cazar
1246,Varja Lagos,Axel Calzas
1247,Minke Mies,Adra Nubarron
1248,Henk Mies,Inga Ferro
1249,Varro Awelon,Mat Bramar
1250,Hideki Cocinaro,Varja Lagos
1251,Hideki Cocinaro,Minke Mies
1252,Hideki Cocinaro,Edvard Vann
1253,Hideki Cocinaro,Rachel Pantanal
1254,Hideki Cocinaro,Lars Azada
1255,Hideki Cocinaro,Felix Balas
1256,Hideki Cocinaro,Isande Borrasca
1257,Hideki Cocinaro,Axel Calzas
1258,Hideki Cocinaro,Gustav Cazar
1259,Hideki Cocinaro,Lidelse Dedos
1260,Hideki Cocinaro,Birgitta Frente
1261,Hideki Cocinaro,Vira Frente
1262,Hideki Cocinaro,Adra Nubarron
1263,Hideki Cocinaro,Marin Onda
1264,Hideki Cocinaro,Kare Orilla
1265,Hideki Cocinaro,Elsa Orilla
1266,Hideki Cocinaro,Brand Tempestad
1267,Hideki Cocinaro,Ingrid Barranco
1268,Hideki Cocinaro,Ada Campo-Corrente
1269,Hideki Cocinaro,Sten Sanjorge Jr.
1270,Hideki Cocinaro,Orhan Strum
1271,Hideki Cocinaro,Willem Vasco-Pais
1272,Hideki Cocinaro,Bertrand Ovan
1273,Hideki Cocinaro,Albina Hafon
1274,Hideki Cocinaro,Benito Hawelon
1275,Hideki Cocinaro,Claudio Hawelon
1276,Hideki Cocinaro,Henk Mies
1277,Hideki Cocinaro,Valeria Morlun
1278,Hideki Cocinaro,Adan Morlun
1279,Hideki Cocinaro,Cecilia Morluniau
1280,Hideki Cocinaro,Irene Nant
1281,Hideki Cocinaro,Dylan Scozzese
1282,Hideki Cocinaro,Lucas Alcazar
1283,Hideki Cocinaro,Isak Baza
1284,Hideki Cocinaro,Linnea Bergen
1285,Hideki Cocinaro,Nils Calixto
1286,Hideki Cocinaro,Sven Flecha
1287,Hideki Cocinaro,Loreto Bodrogi
1288,Hideki Cocinaro,Emile Arpa
1289,Hideki Cocinaro,Varro Awelon
1290,Hideki Cocinaro,Mat Bramar
1291,Hideki Cocinaro,Carla Forluniau
1292,Hideki Cocinaro,Linda Lagos
1293,Hideki Cocinaro,Ruscella Mies Haber
1294,Hideki Cocinaro,Anda Ribera
1295,Adra Nubarron,Rachel Pantanal
1296,Adra Nubarron,Birgitta Frente
1297,Adra Nubarron,Vira Frente
1298,Adra Nubarron,Ingrid Barranco
1299,Adra Nubarron,Ada Campo-Corrente
1300,Adra Nubarron,Sten Sanjorge Jr.
1301,Adra Nubarron,Orhan Strum
1302,Adra Nubarron,Willem Vasco-Pais
1303,Adra Nubarron,Bertrand Ovan
1304,Adra Nubarron,Albina Hafon
1305,Adra Nubarron,Benito Hawelon
1306,Adra Nubarron,Claudio Hawelon
1307,Adra Nubarron,Henk Mies
1308,Adra Nubarron,Valeria Morlun
1309,Adra Nubarron,Adan Morlun
1310,Adra Nubarron,Irene Nant
1311,Adra Nubarron,Dylan Scozzese
1312,Adra Nubarron,Lucas Alcazar
1313,Adra Nubarron,Isak Baza
1314,Adra Nubarron,Linnea Bergen
1315,Adra Nubarron,Nils Calixto
1316,Adra Nubarron,Sven Flecha
1317,Adra Nubarron,Hideki Cocinaro
1318,Adra Nubarron,Inga Ferro
1319,Adra Nubarron,Loreto Bodrogi
1320,Adra Nubarron,Isia Vann
1321,Adra Nubarron,Stenig Fusil
1322,Adra Nubarron,Hennie Osvaldo
1323,Adra Nubarron,Kanon Herrero
1324,Adra Nubarron,Varja Lagos
1325,Adra Nubarron,Minke Mies
1326,Adra Nubarron,Felix Resumir
1327,Adra Nubarron,Edvard Vann
1328,Adra Nubarron,Emile Arpa
1329,Adra Nubarron,Varro Awelon
1330,Adra Nubarron,Mat Bramar
1331,Adra Nubarron,Dante Coginian
1332,Adra Nubarron,Carla Forluniau
1333,Adra Nubarron,Linda Lagos
1334,Adra Nubarron,Cornelia Lais
1335,Adra Nubarron,Ruscella Mies Haber
1336,Adra Nubarron,Anda Ribera
1337,Albina Hafon,Rachel Pantanal
1338,Stenig Fusil,Vira Frente
1339,Isia Vann,Stenig Fusil
1340,Isia Vann,Varja Lagos
1341,Isia Vann,Kanon Herrero
1342,Inga Ferro,Henk Mies
1343,Rachel Pantanal,Albina Hafon
1344,Varro Awelon,Valeria Morlun
1345,Vira Frente,Stenig Fusil
1346,Benito Hawelon,Rachel Pantanal
1347,Benito Hawelon,Lars Azada
1348,Benito Hawelon,Felix Balas
1349,Benito Hawelon,Isande Borrasca
1350,Benito Hawelon,Axel Calzas
1351,Benito Hawelon,Gustav Cazar
1352,Benito Hawelon,Lidelse Dedos
1353,Benito Hawelon,Birgitta Frente
1354,Benito Hawelon,Vira Frente
1355,Benito Hawelon,Adra Nubarron
1356,Benito Hawelon,Marin Onda
1357,Benito Hawelon,Kare Orilla
1358,Benito Hawelon,Brand Tempestad
1359,Benito Hawelon,Ingrid Barranco
1360,Benito Hawelon,Ada Campo-Corrente
1361,Benito Hawelon,Sten Sanjorge Jr.
1362,Benito Hawelon,Orhan Strum
1363,Benito Hawelon,Willem Vasco-Pais
1364,Benito Hawelon,Bertrand Ovan
1365,Benito Hawelon,Lucas Alcazar
1366,Benito Hawelon,Isak Baza
1367,Benito Hawelon,Linnea Bergen
1368,Benito Hawelon,Nils Calixto
1369,Benito Hawelon,Sven Flecha
1370,Benito Hawelon,Hideki Cocinaro
1371,Benito Hawelon,Inga Ferro
1372,Benito Hawelon,Loreto Bodrogi
1373,Benito Hawelon,Isia Vann
1374,Benito Hawelon,Stenig Fusil
1375,Benito Hawelon,Hennie Osvaldo
1376,Benito Hawelon,Kanon Herrero
1377,Benito Hawelon,Varja Lagos
1378,Benito Hawelon,Minke Mies
1379,Benito Hawelon,Felix Resumir
1380,Benito Hawelon,Edvard Vann
1381,Benito Hawelon,Mat Bramar
1382,Benito Hawelon,Carla Forluniau
1383,Benito Hawelon,Linda Lagos
1384,Benito Hawelon,Cornelia Lais
1385,Benito Hawelon,Ruscella Mies Haber
1386,Benito Hawelon,Anda Ribera
1387,Isia Vann,Inga Ferro
1388,Isia Vann,Hennie Osvaldo
1389,Isia Vann,Minke Mies
1390,Minke Mies,Nils Calixto
1391,Kare Orilla,Ingrid Barranco
1392,Cornelia Lais,Lars Azada
1393,Cornelia Lais,Felix Balas
1394,Cornelia Lais,Isande Borrasca
1395,Cornelia Lais,Axel Calzas
1396,Cornelia Lais,Gustav Cazar
1397,Cornelia Lais,Lidelse Dedos
1398,Cornelia Lais,Birgitta Frente
1399,Cornelia Lais,Vira Frente
1400,Cornelia Lais,Adra Nubarron
1401,Cornelia Lais,Marin Onda
1402,Cornelia Lais,Kare Orilla
1403,Cornelia Lais,Elsa Orilla
1404,Cornelia Lais,Brand Tempestad
1405,Cornelia Lais,Ingrid Barranco
1406,Cornelia Lais,Ada Campo-Corrente
1407,Cornelia Lais,Sten Sanjorge Jr.
1408,Cornelia Lais,Orhan Strum
1409,Cornelia Lais,Willem Vasco-Pais
1410,Cornelia Lais,Bertrand Ovan
1411,Cornelia Lais,Albina Hafon
1412,Cornelia Lais,Benito Hawelon
1413,Cornelia Lais,Claudio Hawelon
1414,Cornelia Lais,Henk Mies
1415,Cornelia Lais,Valeria Morlun
1416,Cornelia Lais,Adan Morlun
1417,Cornelia Lais,Cecilia Morluniau
1418,Cornelia Lais,Irene Nant
1419,Cornelia Lais,Dylan Scozzese
1420,Cornelia Lais,Lucas Alcazar
1421,Cornelia Lais,Isak Baza
1422,Cornelia Lais,Linnea Bergen
1423,Cornelia Lais,Nils Calixto
1424,Cornelia Lais,Sven Flecha
1425,Cornelia Lais,Inga Ferro
1426,Cornelia Lais,Loreto Bodrogi
1427,Cornelia Lais,Isia Vann
1428,Cornelia Lais,Stenig Fusil
1429,Cornelia Lais,Hennie Osvaldo
1430,Cornelia Lais,Kanon Herrero
1431,Cornelia Lais,Varja Lagos
1432,Cornelia Lais,Minke Mies
1433,Cornelia Lais,Felix Resumir
1434,Cornelia Lais,Edvard Vann
1435,Cornelia Lais,Emile Arpa
1436,Cornelia Lais,Varro Awelon
1437,Cornelia Lais,Dante Coginian
1438,Marin Onda,Rachel Pantanal
1439,Marin Onda,Ingrid Barranco
1440,Marin Onda,Ada Campo-Corrente
1441,Marin Onda,Sten Sanjorge Jr.
1442,Marin Onda,Orhan Strum
1443,Marin Onda,Willem Vasco-Pais
1444,Marin Onda,Bertrand Ovan
1445,Marin Onda,Albina Hafon
1446,Marin Onda,Benito Hawelon
1447,Marin Onda,Claudio Hawelon
1448,Marin Onda,Henk Mies
1449,Marin Onda,Valeria Morlun
1450,Marin Onda,Adan Morlun
1451,Marin Onda,Cecilia Morluniau
1452,Marin Onda,Irene Nant
1453,Marin Onda,Dylan Scozzese
1454,Marin Onda,Lucas Alcazar
1455,Marin Onda,Isak Baza
1456,Marin Onda,Linnea Bergen
1457,Marin Onda,Nils Calixto
1458,Marin Onda,Sven Flecha
1459,Marin Onda,Hideki Cocinaro
1460,Marin Onda,Inga Ferro
1461,Marin Onda,Loreto Bodrogi
1462,Marin Onda,Isia Vann
1463,Marin Onda,Stenig Fusil
1464,Marin Onda,Hennie Osvaldo
1465,Marin Onda,Kanon Herrero
1466,Marin Onda,Varja Lagos
1467,Marin Onda,Minke Mies
1468,Marin Onda,Felix Resumir
1469,Marin Onda,Edvard Vann
1470,Marin Onda,Emile Arpa
1471,Marin Onda,Varro Awelon
1472,Marin Onda,Mat Bramar
1473,Marin Onda,Dante Coginian
1474,Marin Onda,Carla Forluniau
1475,Marin Onda,Linda Lagos
1476,Marin Onda,Cornelia Lais
1477,Marin Onda,Ruscella Mies Haber
1478,Marin Onda,Anda Ribera
1479,Emile Arpa,Rachel Pantanal
1480,Emile Arpa,Lars Azada
1481,Emile Arpa,Felix Balas
1482,Emile Arpa,Isande Borrasca
1483,Emile Arpa,Axel Calzas
1484,Emile Arpa,Gustav Cazar
1485,Emile Arpa,Lidelse Dedos
1486,Emile Arpa,Birgitta Frente
1487,Emile Arpa,Vira Frente
1488,Emile Arpa,Adra Nubarron
1489,Emile Arpa,Marin Onda
1490,Emile Arpa,Kare Orilla
1491,Emile Arpa,Elsa Orilla
1492,Emile Arpa,Brand Tempestad
1493,Emile Arpa,Ingrid Barranco
1494,Emile Arpa,Ada Campo-Corrente
1495,Emile Arpa,Sten Sanjorge Jr.
1496,Emile Arpa,Orhan Strum
1497,Emile Arpa,Willem Vasco-Pais
1498,Emile Arpa,Bertrand Ovan
1499,Emile Arpa,Isak Baza
1500,Emile Arpa,Linnea Bergen
1501,Emile Arpa,Nils Calixto
1502,Emile Arpa,Sven Flecha
1503,Emile Arpa,Hideki Cocinaro
1504,Emile Arpa,Inga Ferro
1505,Emile Arpa,Loreto Bodrogi
1506,Emile Arpa,Isia Vann
1507,Emile Arpa,Stenig Fusil
1508,Emile Arpa,Hennie Osvaldo
1509,Emile Arpa,Kanon Herrero
1510,Emile Arpa,Varja Lagos
1511,Emile Arpa,Minke Mies
1512,Emile Arpa,Felix Resumir
1513,Emile Arpa,Edvard Vann
1514,Emile Arpa,Mat Bramar
1515,Emile Arpa,Carla Forluniau
1516,Emile Arpa,Linda Lagos
1517,Emile Arpa,Cornelia Lais
1518,Emile Arpa,Ruscella Mies Haber
1519,Emile Arpa,Anda Ribera
1520,Henk Mies,Anda Ribera
1521,Varro Awelon,Emile Arpa
1522,Felix Balas,Hennie Osvaldo
1523,Anda Ribera,Henk Mies
1524,Valeria Morlun,Cecilia Morluniau
1525,Valeria Morlun,Irene Nant
1526,Valeria Morlun,Emile Arpa
1527,Valeria Morlun,Adan Morlun
1528,Felix Balas,Marin Onda
1529,Felix Balas,Elsa Orilla
1530,Felix Balas,Kare Orilla
1531,Felix Balas,Vira Frente
1532,Loreto Bodrogi,Isia Vann
1533,Inga Ferro,Inga Ferro
1534,Inga Ferro,Loreto Bodrogi
1535,Inga Ferro,Isia Vann
1536,Inga Ferro,Hennie Osvaldo
1537,Inga Ferro,Minke Mies
1538,Varja Lagos,Minke Mies
1539,Loreto Bodrogi,Hideki Cocinaro
1540,Loreto Bodrogi,Rachel Pantanal
1541,Loreto Bodrogi,Lars Azada
1542,Loreto Bodrogi,Felix Balas
1543,Loreto Bodrogi,Isande Borrasca
1544,Loreto Bodrogi,Axel Calzas
1545,Loreto Bodrogi,Gustav Cazar
1546,Loreto Bodrogi,Lidelse Dedos
1547,Loreto Bodrogi,Birgitta Frente
1548,Loreto Bodrogi,Vira Frente
1549,Loreto Bodrogi,Adra Nubarron
1550,Loreto Bodrogi,Marin Onda
1551,Loreto Bodrogi,Kare Orilla
1552,Loreto Bodrogi,Elsa Orilla
1553,Loreto Bodrogi,Brand Tempestad
1554,Loreto Bodrogi,Ada Campo-Corrente
1555,Loreto Bodrogi,Sten Sanjorge Jr.
1556,Loreto Bodrogi,Orhan Strum
1557,Loreto Bodrogi,Willem Vasco-Pais
1558,Loreto Bodrogi,Bertrand Ovan
1559,Loreto Bodrogi,Albina Hafon
1560,Loreto Bodrogi,Benito Hawelon
1561,Loreto Bodrogi,Claudio Hawelon
1562,Loreto Bodrogi,Henk Mies
1563,Loreto Bodrogi,Valeria Morlun
1564,Loreto Bodrogi,Adan Morlun
1565,Loreto Bodrogi,Cecilia Morluniau
1566,Loreto Bodrogi,Irene Nant
1567,Loreto Bodrogi,Dylan Scozzese
1568,Loreto Bodrogi,Lucas Alcazar
1569,Loreto Bodrogi,Isak Baza
1570,Loreto Bodrogi,Linnea Bergen
1571,Loreto Bodrogi,Nils Calixto
1572,Loreto Bodrogi,Sven Flecha
1573,Loreto Bodrogi,Edvard Vann
1574,Loreto Bodrogi,Emile Arpa
1575,Loreto Bodrogi,Varro Awelon
1576,Loreto Bodrogi,Mat Bramar
1577,Loreto Bodrogi,Dante Coginian
1578,Loreto Bodrogi,Carla Forluniau
1579,Loreto Bodrogi,Linda Lagos
1580,Loreto Bodrogi,Cornelia Lais
1581,Loreto Bodrogi,Ruscella Mies Haber
1582,Loreto Bodrogi,Anda Ribera
1583,Inga Ferro,Stenig Fusil
1584,Anda Ribera,Lars Azada
1585,Willem Vasco-Pais,Ingrid Barranco
1586,Adan Morlun,Rachel Pantanal
1587,Adan Morlun,Lars Azada
1588,Adan Morlun,Felix Balas
1589,Adan Morlun,Isande Borrasca
1590,Adan Morlun,Axel Calzas
1591,Adan Morlun,Gustav Cazar
1592,Adan Morlun,Lidelse Dedos
1593,Adan Morlun,Birgitta Frente
1594,Adan Morlun,Vira Frente
1595,Adan Morlun,Adra Nubarron
1596,Adan Morlun,Marin Onda
1597,Adan Morlun,Kare Orilla
1598,Adan Morlun,Elsa Orilla
1599,Adan Morlun,Brand Tempestad
1600,Adan Morlun,Ingrid Barranco
1601,Adan Morlun,Ada Campo-Corrente
1602,Adan Morlun,Sten Sanjorge Jr.
1603,Adan Morlun,Orhan Strum
1604,Adan Morlun,Willem Vasco-Pais
1605,Adan Morlun,Lucas Alcazar
1606,Adan Morlun,Isak Baza
1607,Adan Morlun,Linnea Bergen
1608,Adan Morlun,Nils Calixto
1609,Adan Morlun,Sven Flecha
1610,Adan Morlun,Hideki Cocinaro
1611,Adan Morlun,Inga Ferro
1612,Adan Morlun,Loreto Bodrogi
1613,Adan Morlun,Isia Vann
1614,Adan Morlun,Stenig Fusil
1615,Adan Morlun,Hennie Osvaldo
1616,Adan Morlun,Kanon Herrero
1617,Adan Morlun,Varja Lagos
1618,Adan Morlun,Minke Mies
1619,Adan Morlun,Felix Resumir
1620,Adan Morlun,Edvard Vann
1621,Adan Morlun,Mat Bramar
1622,Adan Morlun,Carla Forluniau
1623,Adan Morlun,Linda Lagos
1624,Adan Morlun,Cornelia Lais
1625,Adan Morlun,Ruscella Mies Haber
1626,Adan Morlun,Anda Ribera
1627,Albina Hafon,Claudio Hawelon
1628,Minke Mies,Inga Ferro
1629,Dante Coginian,Cecilia Morluniau
1630,Dante Coginian,Dylan Scozzese
1631,Inga Ferro,Ruscella Mies Haber
1632,Minke Mies,Loreto Bodrogi
1633,Minke Mies,Isia Vann
1634,Minke Mies,Hennie Osvaldo
1635,Minke Mies,Minke Mies
1636,Minke Mies,Ruscella Mies Haber
1637,Dante Coginian,Rachel Pantanal
1638,Dante Coginian,Lars Azada
1639,Dante Coginian,Felix Balas
1640,Dante Coginian,Isande Borrasca
1641,Dante Coginian,Axel Calzas
1642,Dante Coginian,Gustav Cazar
1643,Dante Coginian,Lidelse Dedos
1644,Dante Coginian,Birgitta Frente
1645,Dante Coginian,Vira Frente
1646,Dante Coginian,Adra Nubarron
1647,Dante Coginian,Marin Onda
1648,Dante Coginian,Kare Orilla
1649,Dante Coginian,Elsa Orilla
1650,Dante Coginian,Brand Tempestad
1651,Dante Coginian,Ingrid Barranco
1652,Dante Coginian,Ada Campo-Corrente
1653,Dante Coginian,Sten Sanjorge Jr.
1654,Dante Coginian,Orhan Strum
1655,Dante Coginian,Willem Vasco-Pais
1656,Dante Coginian,Bertrand Ovan
1657,Dante Coginian,Isak Baza
1658,Dante Coginian,Linnea Bergen
1659,Dante Coginian,Nils Calixto
1660,Dante Coginian,Sven Flecha
1661,Dante Coginian,Inga Ferro
1662,Dante Coginian,Loreto Bodrogi
1663,Dante Coginian,Isia Vann
1664,Dante Coginian,Stenig Fusil
1665,Dante Coginian,Hennie Osvaldo
1666,Dante Coginian,Kanon Herrero
1667,Dante Coginian,Varja Lagos
1668,Dante Coginian,Minke Mies
1669,Dante Coginian,Edvard Vann
1670,Dante Coginian,Carla Forluniau
1671,Dante Coginian,Linda Lagos
1672,Dante Coginian,Cornelia Lais
1673,Dante Coginian,Ruscella Mies Haber
1674,Dante Coginian,Anda Ribera
1675,Irene Nant,Rachel Pantanal
1676,Irene Nant,Lars Azada
1677,Irene Nant,Felix Balas
1678,Irene Nant,Isande Borrasca
1679,Irene Nant,Axel Calzas
1680,Irene Nant,Gustav Cazar
1681,Irene Nant,Lidelse Dedos
1682,Irene Nant,Birgitta Frente
1683,Irene Nant,Vira Frente
1684,Irene Nant,Adra Nubarron
1685,Irene Nant,Marin Onda
1686,Irene Nant,Kare Orilla
1687,Irene Nant,Elsa Orilla
1688,Irene Nant,Brand Tempestad
1689,Irene Nant,Ingrid Barranco
1690,Irene Nant,Ada Campo-Corrente
1691,Irene Nant,Sten Sanjorge Jr.
1692,Irene Nant,Orhan Strum
1693,Irene Nant,Willem Vasco-Pais
1694,Irene Nant,Lucas Alcazar
1695,Irene Nant,Isak Baza
1696,Irene Nant,Linnea Bergen
1697,Irene Nant,Nils Calixto
1698,Irene Nant,Sven Flecha
1699,Irene Nant,Hideki Cocinaro
1700,Irene Nant,Inga Ferro
1701,Irene Nant,Loreto Bodrogi
1702,Irene Nant,Isia Vann
1703,Irene Nant,Stenig Fusil
1704,Irene Nant,Hennie Osvaldo
1705,Irene Nant,Kanon Herrero
1706,Irene Nant,Varja Lagos
1707,Irene Nant,Minke Mies
1708,Irene Nant,Felix Resumir
1709,Irene Nant,Edvard Vann
1710,Irene Nant,Mat Bramar
1711,Irene Nant,Carla Forluniau
1712,Irene Nant,Linda Lagos
1713,Irene Nant,Cornelia Lais
1714,Irene Nant,Ruscella Mies Haber
1715,Irene Nant,Anda Ribera
1716,Orhan Strum,Irene Nant
1717,Valeria Morlun,Stenig Fusil
1718,Claudio Hawelon,Linnea Bergen
1719,Birgitta Frente,Isak Baza
1720,Nils Calixto,Axel Calzas
1721,Minke Mies,Rachel Pantanal
1722,Minke Mies,Lars Azada
1723,Minke Mies,Felix Balas
1724,Minke Mies,Isande Borrasca
1725,Minke Mies,Axel Calzas
1726,Minke Mies,Gustav Cazar
1727,Minke Mies,Lidelse Dedos
1728,Minke Mies,Birgitta Frente
1729,Minke Mies,Vira Frente
1730,Minke Mies,Marin Onda
1731,Minke Mies,Kare Orilla
1732,Minke Mies,Elsa Orilla
1733,Minke Mies,Brand Tempestad
1734,Minke Mies,Ingrid Barranco
1735,Minke Mies,Ada Campo-Corrente
1736,Minke Mies,Sten Sanjorge Jr.
1737,Minke Mies,Orhan Strum
1738,Minke Mies,Willem Vasco-Pais
1739,Minke Mies,Bertrand Ovan
1740,Minke Mies,Albina Hafon
1741,Minke Mies,Benito Hawelon
1742,Minke Mies,Claudio Hawelon
1743,Minke Mies,Henk Mies
1744,Minke Mies,Valeria Morlun
1745,Minke Mies,Adan Morlun
1746,Minke Mies,Cecilia Morluniau
1747,Minke Mies,Irene Nant
1748,Minke Mies,Dylan Scozzese
1749,Minke Mies,Lucas Alcazar
1750,Minke Mies,Isak Baza
1751,Minke Mies,Linnea Bergen
1752,Minke Mies,Sven Flecha
1753,Minke Mies,Hideki Cocinaro
1754,Minke Mies,Stenig Fusil
1755,Minke Mies,Kanon Herrero
1756,Minke Mies,Varja Lagos
1757,Minke Mies,Felix Resumir
1758,Minke Mies,Edvard Vann
1759,Minke Mies,Emile Arpa
1760,Minke Mies,Varro Awelon
1761,Minke Mies,Mat Bramar
1762,Minke Mies,Dante Coginian
1763,Minke Mies,Carla Forluniau
1764,Minke Mies,Linda Lagos
1765,Minke Mies,Cornelia Lais
1766,Minke Mies,Anda Ribera
1767,Kare Orilla,Birgitta Frente
1768,Claudio Hawelon,Lars Azada
1769,Claudio Hawelon,Felix Balas
1770,Claudio Hawelon,Isande Borrasca
1771,Claudio Hawelon,Axel Calzas
1772,Claudio Hawelon,Gustav Cazar
1773,Claudio Hawelon,Lidelse Dedos
1774,Claudio Hawelon,Birgitta Frente
1775,Claudio Hawelon,Vira Frente
1776,Claudio Hawelon,Adra Nubarron
1777,Claudio Hawelon,Marin Onda
1778,Claudio Hawelon,Kare Orilla
1779,Claudio Hawelon,Elsa Orilla
1780,Claudio Hawelon,Brand Tempestad
1781,Claudio Hawelon,Ingrid Barranco
1782,Claudio Hawelon,Ada Campo-Corrente
1783,Claudio Hawelon,Sten Sanjorge Jr.
1784,Claudio Hawelon,Orhan Strum
1785,Claudio Hawelon,Willem Vasco-Pais
1786,Claudio Hawelon,Lucas Alcazar
1787,Claudio Hawelon,Isak Baza
1788,Claudio Hawelon,Nils Calixto
1789,Claudio Hawelon,Sven Flecha
1790,Claudio Hawelon,Hideki Cocinaro
1791,Claudio Hawelon,Inga Ferro
1792,Claudio Hawelon,Loreto Bodrogi
1793,Claudio Hawelon,Stenig Fusil
1794,Claudio Hawelon,Hennie Osvaldo
1795,Claudio Hawelon,Kanon Herrero
1796,Claudio Hawelon,Varja Lagos
1797,Claudio Hawelon,Minke Mies
1798,Claudio Hawelon,Felix Resumir
1799,Claudio Hawelon,Edvard Vann
1800,Claudio Hawelon,Mat Bramar
1801,Claudio Hawelon,Carla Forluniau
1802,Claudio Hawelon,Linda Lagos
1803,Claudio Hawelon,Cornelia Lais
1804,Claudio Hawelon,Ruscella Mies Haber
1805,Claudio Hawelon,Anda Ribera
1806,Inga Ferro,Rachel Pantanal
1807,Inga Ferro,Lars Azada
1808,Inga Ferro,Felix Balas
1809,Inga Ferro,Isande Borrasca
1810,Inga Ferro,Axel Calzas
1811,Inga Ferro,Gustav Cazar
1812,Inga Ferro,Lidelse Dedos
1813,Inga Ferro,Birgitta Frente
1814,Inga Ferro,Vira Frente
1815,Inga Ferro,Adra Nubarron
1816,Inga Ferro,Marin Onda
1817,Inga Ferro,Kare Orilla
1818,Inga Ferro,Elsa Orilla
1819,Inga Ferro,Brand Tempestad
1820,Inga Ferro,Ingrid Barranco
1821,Inga Ferro,Ada Campo-Corrente
1822,Inga Ferro,Sten Sanjorge Jr.
1823,Inga Ferro,Orhan Strum
1824,Inga Ferro,Bertrand Ovan
1825,Inga Ferro,Albina Hafon
1826,Inga Ferro,Benito Hawelon
1827,Inga Ferro,Claudio Hawelon
1828,Inga Ferro,Valeria Morlun
1829,Inga Ferro,Adan Morlun
1830,Inga Ferro,Cecilia Morluniau
1831,Inga Ferro,Irene Nant
1832,Inga Ferro,Dylan Scozzese
1833,Inga Ferro,Lucas Alcazar
1834,Inga Ferro,Isak Baza
1835,Inga Ferro,Linnea Bergen
1836,Inga Ferro,Nils Calixto
1837,Inga Ferro,Sven Flecha
1838,Inga Ferro,Hideki Cocinaro
1839,Inga Ferro,Kanon Herrero
1840,Inga Ferro,Varja Lagos
1841,Inga Ferro,Felix Resumir
1842,Inga Ferro,Edvard Vann
1843,Inga Ferro,Emile Arpa
1844,Inga Ferro,Varro Awelon
1845,Inga Ferro,Mat Bramar
1846,Inga Ferro,Dante Coginian
1847,Inga Ferro,Carla Forluniau
1848,Inga Ferro,Linda Lagos
1849,Inga Ferro,Cornelia Lais
1850,Inga Ferro,Anda Ribera
1851,Anda Ribera,Felix Balas
1852,Anda Ribera,Isande Borrasca
1853,Anda Ribera,Axel Calzas
1854,Anda Ribera,Lidelse Dedos
1855,Anda Ribera,Birgitta Frente
1856,Anda Ribera,Vira Frente
1857,Anda Ribera,Adra Nubarron
1858,Anda Ribera,Marin Onda
1859,Anda Ribera,Kare Orilla
1860,Anda Ribera,Elsa Orilla
1861,Anda Ribera,Brand Tempestad
1862,Anda Ribera,Ingrid Barranco
1863,Anda Ribera,Ada Campo-Corrente
1864,Anda Ribera,Sten Sanjorge Jr.
1865,Anda Ribera,Orhan Strum
1866,Anda Ribera,Willem Vasco-Pais
1867,Anda Ribera,Bertrand Ovan
1868,Anda Ribera,Albina Hafon
1869,Anda Ribera,Benito Hawelon
1870,Anda Ribera,Claudio Hawelon
1871,Anda Ribera,Adan Morlun
1872,Anda Ribera,Cecilia Morluniau
1873,Anda Ribera,Irene Nant
1874,Anda Ribera,Dylan Scozzese
1875,Anda Ribera,Lucas Alcazar
1876,Anda Ribera,Isak Baza
1877,Anda Ribera,Linnea Bergen
1878,Anda Ribera,Nils Calixto
1879,Anda Ribera,Sven Flecha
1880,Anda Ribera,Hideki Cocinaro
1881,Anda Ribera,Inga Ferro
1882,Anda Ribera,Loreto Bodrogi
1883,Anda Ribera,Isia Vann
1884,Anda Ribera,Stenig Fusil
1885,Anda Ribera,Hennie Osvaldo
1886,Anda Ribera,Kanon Herrero
1887,Anda Ribera,Varja Lagos
1888,Anda Ribera,Minke Mies
1889,Anda Ribera,Felix Resumir
1890,Anda Ribera,Edvard Vann
1891,Anda Ribera,Emile Arpa
1892,Anda Ribera,Varro Awelon
1893,Anda Ribera,Dante Coginian
1894,Varro Awelon,Rachel Pantanal
1895,Varro Awelon,Lars Azada
1896,Varro Awelon,Felix Balas
1897,Varro Awelon,Isande Borrasca
1898,Varro Awelon,Axel Calzas
1899,Varro Awelon,Gustav Cazar
1900,Varro Awelon,Lidelse Dedos
1901,Varro Awelon,Birgitta Frente
1902,Varro Awelon,Vira Frente
1903,Varro Awelon,Adra Nubarron
1904,Varro Awelon,Marin Onda
1905,Varro Awelon,Kare Orilla
1906,Varro Awelon,Elsa Orilla
1907,Varro Awelon,Brand Tempestad
1908,Varro Awelon,Ingrid Barranco
1909,Varro Awelon,Ada Campo-Corrente
1910,Varro Awelon,Sten Sanjorge Jr.
1911,Varro Awelon,Orhan Strum
1912,Varro Awelon,Willem Vasco-Pais
1913,Varro Awelon,Lucas Alcazar
1914,Varro Awelon,Isak Baza
1915,Varro Awelon,Linnea Bergen
1916,Varro Awelon,Nils Calixto
1917,Varro Awelon,Sven Flecha
1918,Varro Awelon,Hideki Cocinaro
1919,Varro Awelon,Inga Ferro
1920,Varro Awelon,Loreto Bodrogi
1921,Varro Awelon,Isia Vann
1922,Varro Awelon,Stenig Fusil
1923,Varro Awelon,Hennie Osvaldo
1924,Varro Awelon,Kanon Herrero
1925,Varro Awelon,Varja Lagos
1926,Varro Awelon,Minke Mies
1927,Varro Awelon,Felix Resumir
1928,Varro Awelon,Edvard Vann
1929,Varro Awelon,Carla Forluniau
1930,Varro Awelon,Linda Lagos
1931,Varro Awelon,Cornelia Lais
1932,Varro Awelon,Ruscella Mies Haber
1933,Varro Awelon,Anda Ribera
1934,Orhan Strum,Gustav Cazar
1935,Carla Forluniau,Varro Awelon
1936,Willem Vasco-Pais,Rachel Pantanal
1937,Willem Vasco-Pais,Lars Azada
1938,Willem Vasco-Pais,Felix Balas
1939,Willem Vasco-Pais,Isande Borrasca
1940,Willem Vasco-Pais,Axel Calzas
1941,Willem Vasco-Pais,Gustav Cazar
1942,Willem Vasco-Pais,Lidelse Dedos
1943,Willem Vasco-Pais,Birgitta Frente
1944,Willem Vasco-Pais,Vira Frente
1945,Willem Vasco-Pais,Adra Nubarron
1946,Willem Vasco-Pais,Marin Onda
1947,Willem Vasco-Pais,Kare Orilla
1948,Willem Vasco-Pais,Elsa Orilla
1949,Willem Vasco-Pais,Brand Tempestad
1950,Willem Vasco-Pais,Sten Sanjorge Jr.
1951,Willem Vasco-Pais,Bertrand Ovan
1952,Willem Vasco-Pais,Albina Hafon
1953,Willem Vasco-Pais,Benito Hawelon
1954,Willem Vasco-Pais,Claudio Hawelon
1955,Willem Vasco-Pais,Henk Mies
1956,Willem Vasco-Pais,Valeria Morlun
1957,Willem Vasco-Pais,Adan Morlun
1958,Willem Vasco-Pais,Cecilia Morluniau
1959,Willem Vasco-Pais,Irene Nant
1960,Willem Vasco-Pais,Dylan Scozzese
1961,Willem Vasco-Pais,Lucas Alcazar
1962,Willem Vasco-Pais,Isak Baza
1963,Willem Vasco-Pais,Linnea Bergen
1964,Willem Vasco-Pais,Nils Calixto
1965,Willem Vasco-Pais,Sven Flecha
1966,Willem Vasco-Pais,Hideki Cocinaro
1967,Willem Vasco-Pais,Loreto Bodrogi
1968,Willem Vasco-Pais,Isia Vann
1969,Willem Vasco-Pais,Stenig Fusil
1970,Willem Vasco-Pais,Hennie Osvaldo
1971,Willem Vasco-Pais,Kanon Herrero
1972,Willem Vasco-Pais,Minke Mies
1973,Willem Vasco-Pais,Felix Resumir
1974,Willem Vasco-Pais,Edvard Vann
1975,Willem Vasco-Pais,Emile Arpa
1976,Willem Vasco-Pais,Varro Awelon
1977,Willem Vasco-Pais,Mat Bramar
1978,Willem Vasco-Pais,Dante Coginian
1979,Willem Vasco-Pais,Carla Forluniau
1980,Willem Vasco-Pais,Linda Lagos
1981,Willem Vasco-Pais,Cornelia Lais
1982,Willem Vasco-Pais,Ruscella Mies Haber
1983,Willem Vasco-Pais,Anda Ribera
1984,Birgitta Frente,Adra Nubarron
1985,Varja Lagos,Edvard Vann
1986,Kare Orilla,Inga Ferro
1987,Birgitta Frente,Lidelse Dedos
1988,Henk Mies,Sten Sanjorge Jr.
1989,Vira Frente,Minke Mies
1990,Sten Sanjorge Jr.,Henk Mies
1991,Vira Frente,Linda Lagos
1992,Dylan Scozzese,Rachel Pantanal
1993,Dylan Scozzese,Lars Azada
1994,Dylan Scozzese,Felix Balas
1995,Dylan Scozzese,Isande Borrasca
1996,Dylan Scozzese,Axel Calzas
1997,Dylan Scozzese,Gustav Cazar
1998,Dylan Scozzese,Lidelse Dedos
1999,Dylan Scozzese,Birgitta Frente
2000,Dylan Scozzese,Vira Frente
2001,Dylan Scozzese,Adra Nubarron
2002,Dylan Scozzese,Marin Onda
2003,Dylan Scozzese,Kare Orilla
2004,Dylan Scozzese,Elsa Orilla
2005,Dylan Scozzese,Brand Tempestad
2006,Dylan Scozzese,Ingrid Barranco
2007,Dylan Scozzese,Ada Campo-Corrente
2008,Dylan Scozzese,Sten Sanjorge Jr.
2009,Dylan Scozzese,Orhan Strum
2010,Dylan Scozzese,Willem Vasco-Pais
2011,Dylan Scozzese,Lucas Alcazar
2012,Dylan Scozzese,Isak Baza
2013,Dylan Scozzese,Linnea Bergen
2014,Dylan Scozzese,Nils Calixto
2015,Dylan Scozzese,Sven Flecha
2016,Dylan Scozzese,Hideki Cocinaro
2017,Dylan Scozzese,Inga Ferro
2018,Dylan Scozzese,Loreto Bodrogi
2019,Dylan Scozzese,Isia Vann
2020,Dylan Scozzese,Stenig Fusil
2021,Dylan Scozzese,Hennie Osvaldo
2022,Dylan Scozzese,Kanon Herrero
2023,Dylan Scozzese,Varja Lagos
2024,Dylan Scozzese,Minke Mies
2025,Dylan Scozzese,Felix Resumir
2026,Dylan Scozzese,Edvard Vann
2027,Dylan Scozzese,Mat Bramar
2028,Dylan Scozzese,Carla Forluniau
2029,Dylan Scozzese,Linda Lagos
2030,Dylan Scozzese,Cornelia Lais
2031,Dylan Scozzese,Ruscella Mies Haber
2032,Dylan Scozzese,Anda Ribera
2033,Henk Mies,Edvard Vann
2034,Linda Lagos,Vira Frente
